{
    "$schema": "http://schema.management.azure.com/schemas/2015-01-01/deploymentTemplate.json#",
    "contentVersion": "1.0.0.0",
    "parameters": {
        "factoryName": {
            "type": "string",
            "metadata": "Data Factory name",
            "defaultValue": "SalesDataFactorie"
        },
        "SalesBlobLinkedService_connectionString": {
            "type": "secureString",
            "metadata": "Secure string for 'connectionString' of 'SalesBlobLinkedService'"
        },
        "SalesSQLLinkedService_password": {
            "type": "secureString",
            "metadata": "Secure string for 'password' of 'SalesSQLLinkedService'"
        },
        "SalesSQLLinkedService_properties_typeProperties_server": {
            "type": "string",
            "defaultValue": "salesdbserver123.database.windows.net"
        },
        "SalesSQLLinkedService_properties_typeProperties_database": {
            "type": "string",
            "defaultValue": "SalesDB"
        },
        "SalesSQLLinkedService_properties_typeProperties_userName": {
            "type": "string",
            "defaultValue": "adminuser"
        },
        "containerUri": {
            "type": "string",
            "metadata": "URI to storage account containing linked ARM templates"
        },
        "containerSasToken": {
            "type": "string",
            "metadata": "Sas token to storage account containing linked ARM templates"
        }
    },
    "variables": {
        "factoryId": "[concat('Microsoft.DataFactory/factories/', parameters('factoryName'))]"
    },
    "resources": [
        {
            "name": "SalesDataFactorie_ArmTemplate_0",
            "type": "Microsoft.Resources/deployments",
            "apiVersion": "2024-03-01",
            "properties": {
                "mode": "incremental",
                "templateLink": {
                    "uri": "[concat(parameters('containerUri'), '/ArmTemplate_0.json', parameters('containerSasToken'))]",
                    "contentVersion": "1.0.0.0"
                },
                "parameters": {
                    "factoryName": {
                        "value": "[parameters('factoryName')]"
                    },
                    "SalesBlobLinkedService_connectionString": {
                        "value": "[parameters('SalesBlobLinkedService_connectionString')]"
                    },
                    "SalesSQLLinkedService_password": {
                        "value": "[parameters('SalesSQLLinkedService_password')]"
                    },
                    "SalesSQLLinkedService_properties_typeProperties_server": {
                        "value": "[parameters('SalesSQLLinkedService_properties_typeProperties_server')]"
                    },
                    "SalesSQLLinkedService_properties_typeProperties_database": {
                        "value": "[parameters('SalesSQLLinkedService_properties_typeProperties_database')]"
                    },
                    "SalesSQLLinkedService_properties_typeProperties_userName": {
                        "value": "[parameters('SalesSQLLinkedService_properties_typeProperties_userName')]"
                    }
                }
            },
            "dependsOn": []
        }
    ]
}